{
    "now": "2024-03-12T13:14:29.449Z",
    "perfNow": 298607.90000000596,
    "diagnosticCorrelation": "f46c8731-80a6-4f50-9321-7cd45a27b236",
    "source": "DownloadSupportFiles",
    "environment": {
        "productName": "adf",
        "buildVersion": "1.0.030524.4",
        "environmentType": 3,
        "resourceName": "tokyoolympics982df",
        "resourceRegion": "southeastasia",
        "resourceGroup": "tokyo_olympics_rg",
        "subscriptionId": "aac7cb0d-d74f-46e4-9997-35eb6affda25",
        "sessionId": "9HvSTx+vkkZ/plwu/yLBOe",
        "operationId": "",
        "gitType": "live",
        "loggingKey": "ee1fd7eb-f74b-4bb1-ad9a-c81332636431"
    },
    "additionalInfo": {
        "selectedResource": "dataflow1",
        "selectedResourceType": "dataflow"
    }
}