{
    "name": "ADLS_Sink",
    "type": "Microsoft.DataFactory/factories/linkedservices",
    "properties": {
        "annotations": [],
        "type": "AzureBlobFS",
        "typeProperties": {
            "url": "https://adlssupplychaindeve.dfs.core.windows.net",
            "accountKey": {
                "type": "AzureKeyVaultSecret",
                "store": {
                    "referenceName": "AKVforstorageaccountkey",
                    "type": "LinkedServiceReference"
                },
                "secretName": "ADLSsecret"
            }
        }
    }
}