{
    "name": "AzureSqlDatabase",
    "type": "Microsoft.DataFactory/factories/linkedservices",
    "properties": {
        "annotations": [],
        "type": "AzureSqlDatabase",
        "typeProperties": {
            "connectionString": "Integrated Security=False;Encrypt=True;Connection Timeout=30;Data Source=asupplychainserver.database.windows.net;Initial Catalog=SUPPLYCHAIN;User ID=devadmin",
            "password": {
                "type": "AzureKeyVaultSecret",
                "store": {
                    "referenceName": "AKVforasqlpassword",
                    "type": "LinkedServiceReference"
                },
                "secretName": "AzureSQLDBpassword"
            }
        }
    }
}