{
    "name": "DelimitedText4",
    "properties": {
        "linkedServiceName": {
            "referenceName": "AzureBlobStorage1",
            "type": "LinkedServiceReference"
        },
        "annotations": [],
        "type": "DelimitedText",
        "typeProperties": {
            "location": {
                "type": "AzureBlobStorageLocation",
                "fileName": "employee.txt",
                "container": "employee"
            },
            "columnDelimiter": ",",
            "escapeChar": "\\",
            "firstRowAsHeader": true,
            "quoteChar": "\""
        },
        "schema": [
            {
                "name": "EMPLOYEE_ID",
                "type": "String"
            },
            {
                "name": "FIRST_NAME",
                "type": "String"
            },
            {
                "name": "LAST_NAME",
                "type": "String"
            },
            {
                "name": "EMAIL",
                "type": "String"
            },
            {
                "name": "PHONE_NUMBER",
                "type": "String"
            },
            {
                "name": "HIRE_DATE",
                "type": "String"
            },
            {
                "name": "JOB_ID",
                "type": "String"
            },
            {
                "name": "SALARY",
                "type": "String"
            },
            {
                "name": "COMMISSION_PCT",
                "type": "String"
            },
            {
                "name": "MANAGER_ID",
                "type": "String"
            },
            {
                "name": "DEPARTMENT_ID",
                "type": "String"
            }
        ]
    },
    "type": "Microsoft.DataFactory/factories/datasets"
}