{
    "name": "DelimitedText5",
    "properties": {
        "linkedServiceName": {
            "referenceName": "AzureBlobStorage1",
            "type": "LinkedServiceReference"
        },
        "annotations": [],
        "type": "DelimitedText",
        "typeProperties": {
            "location": {
                "type": "AzureBlobStorageLocation",
                "fileName": "department.txt",
                "container": "department"
            },
            "columnDelimiter": ",",
            "escapeChar": "\\",
            "firstRowAsHeader": true,
            "quoteChar": "\""
        },
        "schema": [
            {
                "name": "DEPARTMENT_ID",
                "type": "String"
            },
            {
                "name": "DEPARTMENT_NAME",
                "type": "String"
            },
            {
                "name": "MANAGER_ID",
                "type": "String"
            },
            {
                "name": "LOCATION_ID",
                "type": "String"
            }
        ]
    },
    "type": "Microsoft.DataFactory/factories/datasets"
}