{
    "now": "2024-03-21T14:55:37.368Z",
    "perfNow": 18774.30000000447,
    "diagnosticCorrelation": "b79a5f39-880a-4264-99c7-e6fc6622f117",
    "source": "DownloadSupportFiles",
    "environment": {
        "productName": "adf",
        "buildVersion": "1.0.030524.4",
        "environmentType": 3,
        "resourceName": "adf-supplychain-deve",
        "resourceRegion": "eastus",
        "resourceGroup": "SupplyChain",
        "subscriptionId": "aac7cb0d-d74f-46e4-9997-35eb6affda25",
        "sessionId": "gHE1cdwl4/3SqrIW8+mCkw",
        "operationId": "",
        "gitType": "live",
        "loggingKey": "0a288341-d0e4-472c-8646-d9fb029f60ce"
    },
    "additionalInfo": {
        "selectedResource": "CopyonpremSQLTables_as_FullandIncrementalLoad",
        "selectedResourceType": "pipeline"
    }
}