{
    "name": "AzureSqlDatabase1",
    "type": "Microsoft.DataFactory/factories/linkedservices",
    "properties": {
        "annotations": [],
        "type": "AzureSqlDatabase",
        "typeProperties": {
            "connectionString": "Integrated Security=False;Encrypt=True;Connection Timeout=30;Data Source=lbdit.database.windows.net;Initial Catalog=sqlservertest;User ID=sravanthi",
            "password": {
                "type": "AzureKeyVaultSecret",
                "store": {
                    "referenceName": "AKV for Tokyo Project",
                    "type": "LinkedServiceReference"
                },
                "secretName": "sqldbpassword"
            }
        }
    }
}