{
    "now": "2024-03-12T13:10:33.900Z",
    "perfNow": 63059,
    "diagnosticCorrelation": "ed327d81-a92d-49aa-b45c-7c924a2d6aa2",
    "source": "DownloadSupportFiles",
    "environment": {
        "productName": "adf",
        "buildVersion": "1.0.030524.4",
        "environmentType": 3,
        "resourceName": "tokyoolympics982df",
        "resourceRegion": "southeastasia",
        "resourceGroup": "tokyo_olympics_rg",
        "subscriptionId": "aac7cb0d-d74f-46e4-9997-35eb6affda25",
        "sessionId": "9HvSTx+vkkZ/plwu/yLBOe",
        "operationId": "",
        "gitType": "live",
        "loggingKey": "ee1fd7eb-f74b-4bb1-ad9a-c81332636431"
    },
    "additionalInfo": {
        "selectedResource": "pipeline1",
        "selectedResourceType": "pipeline"
    }
}