{
    "name": "CopyonpremSQLTables_as_FullandIncrementalLoad",
    "properties": {
        "activities": [
            {
                "name": "Get Control Tables",
                "type": "Lookup",
                "dependsOn": [],
                "policy": {
                    "timeout": "0.12:00:00",
                    "retry": 0,
                    "retryIntervalInSeconds": 30,
                    "secureOutput": false,
                    "secureInput": false
                },
                "userProperties": [],
                "typeProperties": {
                    "source": {
                        "type": "AzureSqlSource",
                        "sqlReaderQuery": "select * from  dbo.controltable where indicator=1\n",
                        "queryTimeout": "02:00:00",
                        "partitionOption": "None"
                    },
                    "dataset": {
                        "referenceName": "Asqlcontroltables",
                        "type": "DatasetReference"
                    },
                    "firstRowOnly": false
                }
            },
            {
                "name": "ForEachControlTable",
                "type": "ForEach",
                "dependsOn": [
                    {
                        "activity": "Get Control Tables",
                        "dependencyConditions": [
                            "Succeeded"
                        ]
                    }
                ],
                "userProperties": [],
                "typeProperties": {
                    "items": {
                        "value": "@activity('Get Control Tables').output.value",
                        "type": "Expression"
                    },
                    "isSequential": true,
                    "activities": [
                        {
                            "name": "Checks whether full load or incremental",
                            "type": "IfCondition",
                            "dependsOn": [],
                            "userProperties": [],
                            "typeProperties": {
                                "expression": {
                                    "value": "@equals(toLower(item().Load_Type),'incremental')",
                                    "type": "Expression"
                                },
                                "ifFalseActivities": [
                                    {
                                        "name": "Copy FullLoad",
                                        "type": "Copy",
                                        "dependsOn": [],
                                        "policy": {
                                            "timeout": "0.12:00:00",
                                            "retry": 0,
                                            "retryIntervalInSeconds": 30,
                                            "secureOutput": false,
                                            "secureInput": false
                                        },
                                        "userProperties": [],
                                        "typeProperties": {
                                            "source": {
                                                "type": "SqlServerSource",
                                                "sqlReaderQuery": {
                                                    "value": "@concat(if(and(equals(toLower(item().Load_Type),'full_load'),not(equals(toLower(item().Load_Type),'file'))),concat('Select * from ',item().Source_Object_Schema,'.',item().Source_Object_Name),concat('Select * from ',item().Source_Object_Schema,'.',item().Source_Object_Name,' where ', item().watermark_column, '>',item().watermark_value))) ",
                                                    "type": "Expression"
                                                },
                                                "queryTimeout": "02:00:00",
                                                "partitionOption": "None"
                                            },
                                            "sink": {
                                                "type": "DelimitedTextSink",
                                                "storeSettings": {
                                                    "type": "AzureBlobFSWriteSettings"
                                                },
                                                "formatSettings": {
                                                    "type": "DelimitedTextWriteSettings",
                                                    "quoteAllText": true,
                                                    "fileExtension": ".txt"
                                                }
                                            },
                                            "enableStaging": false,
                                            "translator": {
                                                "type": "TabularTranslator",
                                                "typeConversion": true,
                                                "typeConversionSettings": {
                                                    "allowDataTruncation": true,
                                                    "treatBooleanAsNumber": false
                                                }
                                            }
                                        },
                                        "inputs": [
                                            {
                                                "referenceName": "onpremtables",
                                                "type": "DatasetReference",
                                                "parameters": {
                                                    "schema": {
                                                        "value": "@item().Source_Object_Schema",
                                                        "type": "Expression"
                                                    },
                                                    "tablename": {
                                                        "value": "@item().Source_Object_Name",
                                                        "type": "Expression"
                                                    }
                                                }
                                            }
                                        ],
                                        "outputs": [
                                            {
                                                "referenceName": "ADLS_sink_csv",
                                                "type": "DatasetReference",
                                                "parameters": {
                                                    "FileSystem": {
                                                        "value": "@item().Target_Location",
                                                        "type": "Expression"
                                                    },
                                                    "FileName": {
                                                        "value": "@item().Target_Object_Name",
                                                        "type": "Expression"
                                                    }
                                                }
                                            }
                                        ]
                                    },
                                    {
                                        "name": "Stored procedure Success_FL",
                                        "type": "SqlServerStoredProcedure",
                                        "dependsOn": [
                                            {
                                                "activity": "Copy FullLoad",
                                                "dependencyConditions": [
                                                    "Succeeded"
                                                ]
                                            }
                                        ],
                                        "policy": {
                                            "timeout": "0.12:00:00",
                                            "retry": 0,
                                            "retryIntervalInSeconds": 30,
                                            "secureOutput": false,
                                            "secureInput": false
                                        },
                                        "userProperties": [],
                                        "typeProperties": {
                                            "storedProcedureName": "[dbo].[sp_UpdateLogTable]",
                                            "storedProcedureParameters": {
                                                "CopyActivity_End_Time": {
                                                    "value": {
                                                        "value": "@utcNow()",
                                                        "type": "Expression"
                                                    },
                                                    "type": "String"
                                                },
                                                "CopyActivity_queuingDuration_in_secs": {
                                                    "value": {
                                                        "value": "@activity('Copy FullLoad').output.executionDetails[0].detailedDurations.queuingDuration",
                                                        "type": "Expression"
                                                    },
                                                    "type": "String"
                                                },
                                                "CopyActivity_Start_Time": {
                                                    "value": {
                                                        "value": "@activity('Copy FullLoad').output.executionDetails[0].start",
                                                        "type": "Expression"
                                                    },
                                                    "type": "String"
                                                },
                                                "CopyActivity_transferDuration_in_secs": {
                                                    "value": {
                                                        "value": "@activity('Copy FullLoad').output.executionDetails[0].detailedDurations.queuingDuration",
                                                        "type": "Expression"
                                                    },
                                                    "type": "String"
                                                },
                                                "copyDuration_in_secs": {
                                                    "value": {
                                                        "value": "@activity('Copy FullLoad').output.copyDuration",
                                                        "type": "Expression"
                                                    },
                                                    "type": "String"
                                                },
                                                "DataFactory_Name": {
                                                    "value": {
                                                        "value": "@pipeline().DataFactory",
                                                        "type": "Expression"
                                                    },
                                                    "type": "String"
                                                },
                                                "DataRead": {
                                                    "value": {
                                                        "value": "@activity('Copy FullLoad').output.rowsRead",
                                                        "type": "Expression"
                                                    },
                                                    "type": "Int32"
                                                },
                                                "Destination": {
                                                    "value": {
                                                        "value": "@item().Target_Location",
                                                        "type": "Expression"
                                                    },
                                                    "type": "String"
                                                },
                                                "effectiveIntegrationRuntime": {
                                                    "value": {
                                                        "value": "@activity('Copy FullLoad').output.effectiveIntegrationRuntime",
                                                        "type": "Expression"
                                                    },
                                                    "type": "String"
                                                },
                                                "Execution_Status": {
                                                    "value": {
                                                        "value": "@activity('Copy FullLoad').output.executionDetails[0].status",
                                                        "type": "Expression"
                                                    },
                                                    "type": "String"
                                                },
                                                "Pipeline_Name": {
                                                    "value": {
                                                        "value": "@pipeline().Pipeline",
                                                        "type": "Expression"
                                                    },
                                                    "type": "String"
                                                },
                                                "rowsCopied": {
                                                    "value": {
                                                        "value": "@activity('Copy FullLoad').output.rowsCopied",
                                                        "type": "Expression"
                                                    },
                                                    "type": "String"
                                                },
                                                "RunID": {
                                                    "value": {
                                                        "value": "@pipeline().RunId",
                                                        "type": "Expression"
                                                    },
                                                    "type": "String"
                                                },
                                                "Sink_Type": {
                                                    "value": {
                                                        "value": "@item().File_Format",
                                                        "type": "Expression"
                                                    },
                                                    "type": "String"
                                                },
                                                "Source": {
                                                    "value": {
                                                        "value": "@item().Source_Object_Name",
                                                        "type": "Expression"
                                                    },
                                                    "type": "String"
                                                },
                                                "Source_Type": {
                                                    "value": {
                                                        "value": "@item().File_Format",
                                                        "type": "Expression"
                                                    },
                                                    "type": "String"
                                                },
                                                "TriggerId": {
                                                    "value": {
                                                        "value": "@pipeline().TriggerId",
                                                        "type": "Expression"
                                                    },
                                                    "type": "String"
                                                },
                                                "TriggerName": {
                                                    "value": {
                                                        "value": "@pipeline().TriggerName",
                                                        "type": "Expression"
                                                    },
                                                    "type": "String"
                                                },
                                                "TriggerTime": {
                                                    "value": {
                                                        "value": "@pipeline().TriggerTime",
                                                        "type": "Expression"
                                                    },
                                                    "type": "String"
                                                },
                                                "TriggerType": {
                                                    "value": {
                                                        "value": "@pipeline().TriggerType",
                                                        "type": "Expression"
                                                    },
                                                    "type": "String"
                                                }
                                            }
                                        },
                                        "linkedServiceName": {
                                            "referenceName": "AzureSqlDatabase",
                                            "type": "LinkedServiceReference"
                                        }
                                    },
                                    {
                                        "name": "Stored procedure Failed_FL",
                                        "type": "SqlServerStoredProcedure",
                                        "dependsOn": [
                                            {
                                                "activity": "Copy FullLoad",
                                                "dependencyConditions": [
                                                    "Failed"
                                                ]
                                            }
                                        ],
                                        "policy": {
                                            "timeout": "0.12:00:00",
                                            "retry": 0,
                                            "retryIntervalInSeconds": 30,
                                            "secureOutput": false,
                                            "secureInput": false
                                        },
                                        "userProperties": [],
                                        "typeProperties": {
                                            "storedProcedureName": "[dbo].[sp_UpdateErrorTable]",
                                            "storedProcedureParameters": {
                                                "copyDuration_in_secs": {
                                                    "value": {
                                                        "value": "@activity('Copy FullLoad').output.copyDuration",
                                                        "type": "Expression"
                                                    },
                                                    "type": "String"
                                                },
                                                "DataFactory_Name": {
                                                    "value": {
                                                        "value": "@pipeline().DataFactory",
                                                        "type": "Expression"
                                                    },
                                                    "type": "String"
                                                },
                                                "Destination": {
                                                    "value": {
                                                        "value": "@item().Target_Location",
                                                        "type": "Expression"
                                                    },
                                                    "type": "String"
                                                },
                                                "effectiveIntegrationRuntime": {
                                                    "value": {
                                                        "value": "@activity('Copy FullLoad').output.effectiveIntegrationRuntime",
                                                        "type": "Expression"
                                                    },
                                                    "type": "String"
                                                },
                                                "ErrorCode": {
                                                    "value": {
                                                        "value": "@activity('Copy FullLoad').error.errorCode",
                                                        "type": "Expression"
                                                    },
                                                    "type": "String"
                                                },
                                                "ErrorDescription": {
                                                    "value": {
                                                        "value": "@activity('Copy FullLoad').error.message",
                                                        "type": "Expression"
                                                    },
                                                    "type": "String"
                                                },
                                                "ErrorLoggedTime": {
                                                    "value": {
                                                        "value": "@utcNow()",
                                                        "type": "Expression"
                                                    },
                                                    "type": "String"
                                                },
                                                "Execution_Status": {
                                                    "value": {
                                                        "value": "@activity('Copy FullLoad').output.executionDetails[0].status",
                                                        "type": "Expression"
                                                    },
                                                    "type": "String"
                                                },
                                                "FailureType": {
                                                    "value": {
                                                        "value": "@concat(activity('Copy FullLoad').error.message,'failureType:',activity('Copy FullLoad').error.failureType)",
                                                        "type": "Expression"
                                                    },
                                                    "type": "String"
                                                },
                                                "Pipeline_Name": {
                                                    "value": {
                                                        "value": "@pipeline().Pipeline",
                                                        "type": "Expression"
                                                    },
                                                    "type": "String"
                                                },
                                                "RunId": {
                                                    "value": {
                                                        "value": "@pipeline().RunId",
                                                        "type": "Expression"
                                                    },
                                                    "type": "String"
                                                },
                                                "Sink_Type": {
                                                    "value": {
                                                        "value": "@item().File_Format",
                                                        "type": "Expression"
                                                    },
                                                    "type": "String"
                                                },
                                                "Source": {
                                                    "value": {
                                                        "value": "@item().Source_Object_Name",
                                                        "type": "Expression"
                                                    },
                                                    "type": "String"
                                                },
                                                "Source_Type": {
                                                    "value": {
                                                        "value": "@item().File_Format",
                                                        "type": "Expression"
                                                    },
                                                    "type": "String"
                                                },
                                                "TriggerId": {
                                                    "value": {
                                                        "value": "@pipeline().TriggerId",
                                                        "type": "Expression"
                                                    },
                                                    "type": "String"
                                                },
                                                "TriggerName": {
                                                    "value": {
                                                        "value": "@pipeline().TriggerName",
                                                        "type": "Expression"
                                                    },
                                                    "type": "String"
                                                },
                                                "TriggerTime": {
                                                    "value": {
                                                        "value": "@pipeline().TriggerTime",
                                                        "type": "Expression"
                                                    },
                                                    "type": "String"
                                                },
                                                "TriggerType": {
                                                    "value": {
                                                        "value": "@pipeline().TriggerType",
                                                        "type": "Expression"
                                                    },
                                                    "type": "String"
                                                }
                                            }
                                        },
                                        "linkedServiceName": {
                                            "referenceName": "AzureSqlDatabase",
                                            "type": "LinkedServiceReference"
                                        }
                                    }
                                ],
                                "ifTrueActivities": [
                                    {
                                        "name": "Lookupmaxvalue",
                                        "type": "Lookup",
                                        "dependsOn": [],
                                        "policy": {
                                            "timeout": "0.12:00:00",
                                            "retry": 0,
                                            "retryIntervalInSeconds": 30,
                                            "secureOutput": false,
                                            "secureInput": false
                                        },
                                        "userProperties": [],
                                        "typeProperties": {
                                            "source": {
                                                "type": "SqlServerSource",
                                                "sqlReaderQuery": {
                                                    "value": "@if(equals(toLower(item().Load_Type),'incremental'),concat('select max(',item().Watermark_Column,') as Watermark_value FROM ' , item().Source_Object_Schema,'.' ,item().Source_Object_Name),'select null as Watermark_value')",
                                                    "type": "Expression"
                                                },
                                                "queryTimeout": "02:00:00",
                                                "partitionOption": "None"
                                            },
                                            "dataset": {
                                                "referenceName": "onpremtables",
                                                "type": "DatasetReference",
                                                "parameters": {
                                                    "schema": {
                                                        "value": "@item().Source_Object_Schema",
                                                        "type": "Expression"
                                                    },
                                                    "tablename": {
                                                        "value": "@item().Source_Object_Name",
                                                        "type": "Expression"
                                                    }
                                                }
                                            }
                                        }
                                    },
                                    {
                                        "name": "Copy each table",
                                        "type": "Copy",
                                        "dependsOn": [
                                            {
                                                "activity": "Lookupmaxvalue",
                                                "dependencyConditions": [
                                                    "Succeeded"
                                                ]
                                            }
                                        ],
                                        "policy": {
                                            "timeout": "0.12:00:00",
                                            "retry": 0,
                                            "retryIntervalInSeconds": 30,
                                            "secureOutput": false,
                                            "secureInput": false
                                        },
                                        "userProperties": [],
                                        "typeProperties": {
                                            "source": {
                                                "type": "SqlServerSource",
                                                "sqlReaderQuery": {
                                                    "value": "@concat(if(and(equals(toLower(item().Load_Type),'full_load'),not(equals(toLower(item().Load_Type),'file'))), concat('select * from',item().Source_Object_Schema,'.',item().Source_Object_Name),concat('select * from ', item().Source_Object_Schema,'.',item().Source_Object_Name, ' where ' , item().Watermark_Column,' > ',item().Watermark_value)))",
                                                    "type": "Expression"
                                                },
                                                "queryTimeout": "02:00:00",
                                                "partitionOption": "None"
                                            },
                                            "sink": {
                                                "type": "DelimitedTextSink",
                                                "storeSettings": {
                                                    "type": "AzureBlobFSWriteSettings"
                                                },
                                                "formatSettings": {
                                                    "type": "DelimitedTextWriteSettings",
                                                    "quoteAllText": true,
                                                    "fileExtension": ".txt"
                                                }
                                            },
                                            "enableStaging": false,
                                            "translator": {
                                                "type": "TabularTranslator",
                                                "typeConversion": true,
                                                "typeConversionSettings": {
                                                    "allowDataTruncation": true,
                                                    "treatBooleanAsNumber": false
                                                }
                                            }
                                        },
                                        "inputs": [
                                            {
                                                "referenceName": "SqlServerTable",
                                                "type": "DatasetReference",
                                                "parameters": {
                                                    "schema": {
                                                        "value": "@item().Source_Object_Schema",
                                                        "type": "Expression"
                                                    },
                                                    "tablename": {
                                                        "value": "@item().Source_Object_Name",
                                                        "type": "Expression"
                                                    }
                                                }
                                            }
                                        ],
                                        "outputs": [
                                            {
                                                "referenceName": "ADLS_sink_csv",
                                                "type": "DatasetReference",
                                                "parameters": {
                                                    "FileSystem": {
                                                        "value": "@item().Target_Location",
                                                        "type": "Expression"
                                                    },
                                                    "FileName": {
                                                        "value": "@item().Target_Object_Name",
                                                        "type": "Expression"
                                                    }
                                                }
                                            }
                                        ]
                                    },
                                    {
                                        "name": "Watermark update",
                                        "type": "SqlServerStoredProcedure",
                                        "dependsOn": [
                                            {
                                                "activity": "Copy each table",
                                                "dependencyConditions": [
                                                    "Succeeded"
                                                ]
                                            }
                                        ],
                                        "policy": {
                                            "timeout": "0.12:00:00",
                                            "retry": 0,
                                            "retryIntervalInSeconds": 30,
                                            "secureOutput": false,
                                            "secureInput": false
                                        },
                                        "userProperties": [],
                                        "typeProperties": {
                                            "storedProcedureName": "[dbo].[sp_UpdateWatermark]",
                                            "storedProcedureParameters": {
                                                "Source_Object_Name": {
                                                    "value": {
                                                        "value": "@item().Source_Object_Name",
                                                        "type": "Expression"
                                                    },
                                                    "type": "String"
                                                },
                                                "Watermark_Column": {
                                                    "value": {
                                                        "value": "@item().watermark_column",
                                                        "type": "Expression"
                                                    },
                                                    "type": "String"
                                                },
                                                "Watermark_Value": {
                                                    "value": {
                                                        "value": "@activity('Lookupmaxvalue').output.firstRow.Watermark_value",
                                                        "type": "Expression"
                                                    },
                                                    "type": "String"
                                                }
                                            }
                                        },
                                        "linkedServiceName": {
                                            "referenceName": "AzureSqlDatabase",
                                            "type": "LinkedServiceReference"
                                        }
                                    },
                                    {
                                        "name": "Stored procedure Success",
                                        "type": "SqlServerStoredProcedure",
                                        "dependsOn": [
                                            {
                                                "activity": "Copy each table",
                                                "dependencyConditions": [
                                                    "Succeeded"
                                                ]
                                            }
                                        ],
                                        "policy": {
                                            "timeout": "0.12:00:00",
                                            "retry": 0,
                                            "retryIntervalInSeconds": 30,
                                            "secureOutput": false,
                                            "secureInput": false
                                        },
                                        "userProperties": [],
                                        "typeProperties": {
                                            "storedProcedureName": "[dbo].[sp_UpdateLogTable]",
                                            "storedProcedureParameters": {
                                                "CopyActivity_End_Time": {
                                                    "value": {
                                                        "value": "@utcNow()",
                                                        "type": "Expression"
                                                    },
                                                    "type": "String"
                                                },
                                                "CopyActivity_queuingDuration_in_secs": {
                                                    "value": {
                                                        "value": "@activity('Copy each table').output.executionDetails[0].detailedDurations.queuingDuration",
                                                        "type": "Expression"
                                                    },
                                                    "type": "String"
                                                },
                                                "CopyActivity_Start_Time": {
                                                    "value": {
                                                        "value": "@activity('Copy each table').output.executionDetails[0].start",
                                                        "type": "Expression"
                                                    },
                                                    "type": "String"
                                                },
                                                "CopyActivity_transferDuration_in_secs": {
                                                    "value": {
                                                        "value": "@activity('Copy each table').output.executionDetails[0].detailedDurations.transferDuration",
                                                        "type": "Expression"
                                                    },
                                                    "type": "String"
                                                },
                                                "copyDuration_in_secs": {
                                                    "value": {
                                                        "value": "@activity('Copy each table').output.copyDuration",
                                                        "type": "Expression"
                                                    },
                                                    "type": "String"
                                                },
                                                "DataFactory_Name": {
                                                    "value": {
                                                        "value": "@pipeline().DataFactory",
                                                        "type": "Expression"
                                                    },
                                                    "type": "String"
                                                },
                                                "DataRead": {
                                                    "value": {
                                                        "value": "@activity('Copy each table').output.rowsRead",
                                                        "type": "Expression"
                                                    },
                                                    "type": "Int32"
                                                },
                                                "Destination": {
                                                    "value": {
                                                        "value": "@item().Target_Location",
                                                        "type": "Expression"
                                                    },
                                                    "type": "String"
                                                },
                                                "effectiveIntegrationRuntime": {
                                                    "value": {
                                                        "value": "@activity('Copy each table').output.effectiveIntegrationRuntime",
                                                        "type": "Expression"
                                                    },
                                                    "type": "String"
                                                },
                                                "Execution_Status": {
                                                    "value": {
                                                        "value": "@activity('Copy each table').output.executionDetails[0].status",
                                                        "type": "Expression"
                                                    },
                                                    "type": "String"
                                                },
                                                "Pipeline_Name": {
                                                    "value": {
                                                        "value": "@pipeline().Pipeline",
                                                        "type": "Expression"
                                                    },
                                                    "type": "String"
                                                },
                                                "rowsCopied": {
                                                    "value": {
                                                        "value": "@activity('Copy each table').output.rowsCopied",
                                                        "type": "Expression"
                                                    },
                                                    "type": "String"
                                                },
                                                "RunID": {
                                                    "value": {
                                                        "value": "@pipeline().RunId",
                                                        "type": "Expression"
                                                    },
                                                    "type": "String"
                                                },
                                                "Sink_Type": {
                                                    "value": {
                                                        "value": "@activity('Copy each table').output.executionDetails[0].sink.type",
                                                        "type": "Expression"
                                                    },
                                                    "type": "String"
                                                },
                                                "Source": {
                                                    "value": {
                                                        "value": "@item().Source_Object_Name",
                                                        "type": "Expression"
                                                    },
                                                    "type": "String"
                                                },
                                                "Source_Type": {
                                                    "value": {
                                                        "value": "@item().File_Format",
                                                        "type": "Expression"
                                                    },
                                                    "type": "String"
                                                },
                                                "TriggerId": {
                                                    "value": {
                                                        "value": "@pipeline().TriggerId",
                                                        "type": "Expression"
                                                    },
                                                    "type": "String"
                                                },
                                                "TriggerName": {
                                                    "value": {
                                                        "value": "@pipeline().TriggerName",
                                                        "type": "Expression"
                                                    },
                                                    "type": "String"
                                                },
                                                "TriggerTime": {
                                                    "value": {
                                                        "value": "@pipeline().TriggerTime",
                                                        "type": "Expression"
                                                    },
                                                    "type": "String"
                                                },
                                                "TriggerType": {
                                                    "value": {
                                                        "value": "@pipeline().TriggerType",
                                                        "type": "Expression"
                                                    },
                                                    "type": "String"
                                                }
                                            }
                                        },
                                        "linkedServiceName": {
                                            "referenceName": "AzureSqlDatabase",
                                            "type": "LinkedServiceReference"
                                        }
                                    },
                                    {
                                        "name": "Stored procedure Failed",
                                        "type": "SqlServerStoredProcedure",
                                        "dependsOn": [
                                            {
                                                "activity": "Copy each table",
                                                "dependencyConditions": [
                                                    "Failed"
                                                ]
                                            }
                                        ],
                                        "policy": {
                                            "timeout": "0.12:00:00",
                                            "retry": 0,
                                            "retryIntervalInSeconds": 30,
                                            "secureOutput": false,
                                            "secureInput": false
                                        },
                                        "userProperties": [],
                                        "typeProperties": {
                                            "storedProcedureName": "[dbo].[sp_UpdateErrorTable]",
                                            "storedProcedureParameters": {
                                                "copyDuration_in_secs": {
                                                    "value": {
                                                        "value": "@activity('Copy each table').output.copyDuration",
                                                        "type": "Expression"
                                                    },
                                                    "type": "String"
                                                },
                                                "DataFactory_Name": {
                                                    "value": {
                                                        "value": "@pipeline().DataFactory",
                                                        "type": "Expression"
                                                    },
                                                    "type": "String"
                                                },
                                                "Destination": {
                                                    "value": {
                                                        "value": "@item().Target_Location",
                                                        "type": "Expression"
                                                    },
                                                    "type": "String"
                                                },
                                                "effectiveIntegrationRuntime": {
                                                    "value": {
                                                        "value": "@activity('Copy each table').output.effectiveIntegrationRuntime",
                                                        "type": "Expression"
                                                    },
                                                    "type": "String"
                                                },
                                                "ErrorCode": {
                                                    "value": {
                                                        "value": "@activity('Copy each table').output.error.errorCode",
                                                        "type": "Expression"
                                                    },
                                                    "type": "String"
                                                },
                                                "ErrorDescription": {
                                                    "value": {
                                                        "value": "@activity('Copy each table').output.error.message",
                                                        "type": "Expression"
                                                    },
                                                    "type": "String"
                                                },
                                                "ErrorLoggedTime": {
                                                    "value": {
                                                        "value": "@utcNow()",
                                                        "type": "Expression"
                                                    },
                                                    "type": "String"
                                                },
                                                "Execution_Status": {
                                                    "value": {
                                                        "value": "@activity('Copy each table').output.executionDetails[0].status",
                                                        "type": "Expression"
                                                    },
                                                    "type": "String"
                                                },
                                                "FailureType": {
                                                    "value": {
                                                        "value": "@concat(activity('Copy each table').error.message , 'failureType:',activity('Copy each table').error.failureType)",
                                                        "type": "Expression"
                                                    },
                                                    "type": "String"
                                                },
                                                "Pipeline_Name": {
                                                    "value": {
                                                        "value": "@pipeline().Pipeline",
                                                        "type": "Expression"
                                                    },
                                                    "type": "String"
                                                },
                                                "RunId": {
                                                    "value": {
                                                        "value": "@pipeline().RunId",
                                                        "type": "Expression"
                                                    },
                                                    "type": "String"
                                                },
                                                "Sink_Type": {
                                                    "value": {
                                                        "value": "@item().File_Format",
                                                        "type": "Expression"
                                                    },
                                                    "type": "String"
                                                },
                                                "Source": {
                                                    "value": {
                                                        "value": "@item().Source_Object_Name",
                                                        "type": "Expression"
                                                    },
                                                    "type": "String"
                                                },
                                                "Source_Type": {
                                                    "value": {
                                                        "value": "@item().File_Format",
                                                        "type": "Expression"
                                                    },
                                                    "type": "String"
                                                },
                                                "TriggerId": {
                                                    "value": {
                                                        "value": "@pipeline().TriggerId",
                                                        "type": "Expression"
                                                    },
                                                    "type": "String"
                                                },
                                                "TriggerName": {
                                                    "value": {
                                                        "value": "@pipeline().TriggerName",
                                                        "type": "Expression"
                                                    },
                                                    "type": "String"
                                                },
                                                "TriggerTime": {
                                                    "value": {
                                                        "value": "@pipeline().TriggerTime",
                                                        "type": "Expression"
                                                    },
                                                    "type": "String"
                                                },
                                                "TriggerType": {
                                                    "value": {
                                                        "value": "@pipeline().TriggerType",
                                                        "type": "Expression"
                                                    },
                                                    "type": "String"
                                                }
                                            }
                                        },
                                        "linkedServiceName": {
                                            "referenceName": "AzureSqlDatabase",
                                            "type": "LinkedServiceReference"
                                        }
                                    }
                                ]
                            }
                        }
                    ]
                }
            }
        ],
        "annotations": [],
        "lastPublishTime": "2024-03-19T15:47:00Z"
    },
    "type": "Microsoft.DataFactory/factories/pipelines"
}