{
    "name": "AzureSqlTable5",
    "properties": {
        "linkedServiceName": {
            "referenceName": "AzureSqlDatabase1",
            "type": "LinkedServiceReference"
        },
        "annotations": [],
        "type": "AzureSqlTable",
        "schema": [
            {
                "name": "order_id",
                "type": "int",
                "precision": 10
            },
            {
                "name": "FirstName",
                "type": "nvarchar"
            },
            {
                "name": "inserttime",
                "type": "datetime",
                "precision": 23,
                "scale": 3
            }
        ],
        "typeProperties": {
            "schema": "dbo",
            "table": "orders_final"
        }
    },
    "type": "Microsoft.DataFactory/factories/datasets"
}