{
    "now": "2024-03-13T09:30:58.157Z",
    "perfNow": 56486.39999997616,
    "diagnosticCorrelation": "403d36b6-116b-4c50-bd7e-3bc48664396f",
    "source": "DownloadSupportFiles",
    "environment": {
        "productName": "adf",
        "buildVersion": "1.0.030524.4",
        "environmentType": 3,
        "resourceName": "tokyoolympics982df",
        "resourceRegion": "southeastasia",
        "resourceGroup": "tokyo_olympics_rg",
        "subscriptionId": "aac7cb0d-d74f-46e4-9997-35eb6affda25",
        "sessionId": "5n1IT0/PrZ7Ujq00m+MkXQ",
        "operationId": "",
        "gitType": "live",
        "loggingKey": "6a38f1be-7406-4157-aaea-6717bd62c90f"
    },
    "additionalInfo": {
        "selectedResource": "pipeline3",
        "selectedResourceType": "pipeline"
    }
}