{
    "name": "pipeline1",
    "properties": {
        "activities": [
            {
                "name": "Get Metadata1",
                "type": "GetMetadata",
                "dependsOn": [],
                "policy": {
                    "timeout": "0.12:00:00",
                    "retry": 0,
                    "retryIntervalInSeconds": 30,
                    "secureOutput": false,
                    "secureInput": false
                },
                "userProperties": [],
                "typeProperties": {
                    "dataset": {
                        "referenceName": "Json1",
                        "type": "DatasetReference"
                    },
                    "fieldList": [
                        "childItems"
                    ],
                    "storeSettings": {
                        "type": "AzureBlobStorageReadSettings",
                        "recursive": true,
                        "enablePartitionDiscovery": false
                    },
                    "formatSettings": {
                        "type": "JsonReadSettings"
                    }
                }
            },
            {
                "name": "ForEach1",
                "type": "ForEach",
                "dependsOn": [
                    {
                        "activity": "Get Metadata1",
                        "dependencyConditions": [
                            "Succeeded"
                        ]
                    }
                ],
                "userProperties": [],
                "typeProperties": {
                    "items": {
                        "value": "@activity('Get Metadata1').output.childItems",
                        "type": "Expression"
                    },
                    "isSequential": true,
                    "activities": [
                        {
                            "name": "If Condition1",
                            "type": "IfCondition",
                            "dependsOn": [],
                            "userProperties": [],
                            "typeProperties": {
                                "expression": {
                                    "value": "@contains(item().name,'employee.json')",
                                    "type": "Expression"
                                },
                                "ifFalseActivities": [
                                    {
                                        "name": "Copy data2",
                                        "type": "Copy",
                                        "dependsOn": [],
                                        "policy": {
                                            "timeout": "0.12:00:00",
                                            "retry": 0,
                                            "retryIntervalInSeconds": 30,
                                            "secureOutput": false,
                                            "secureInput": false
                                        },
                                        "userProperties": [],
                                        "typeProperties": {
                                            "source": {
                                                "type": "JsonSource",
                                                "storeSettings": {
                                                    "type": "AzureBlobStorageReadSettings",
                                                    "recursive": true,
                                                    "enablePartitionDiscovery": false
                                                },
                                                "formatSettings": {
                                                    "type": "JsonReadSettings"
                                                }
                                            },
                                            "sink": {
                                                "type": "DelimitedTextSink",
                                                "storeSettings": {
                                                    "type": "AzureBlobStorageWriteSettings"
                                                },
                                                "formatSettings": {
                                                    "type": "DelimitedTextWriteSettings",
                                                    "quoteAllText": true,
                                                    "fileExtension": ".txt"
                                                }
                                            },
                                            "enableStaging": false
                                        },
                                        "inputs": [
                                            {
                                                "referenceName": "Json3",
                                                "type": "DatasetReference"
                                            }
                                        ],
                                        "outputs": [
                                            {
                                                "referenceName": "DelimitedText3",
                                                "type": "DatasetReference"
                                            }
                                        ]
                                    }
                                ],
                                "ifTrueActivities": [
                                    {
                                        "name": "Copy data1",
                                        "type": "Copy",
                                        "dependsOn": [],
                                        "policy": {
                                            "timeout": "0.12:00:00",
                                            "retry": 0,
                                            "retryIntervalInSeconds": 30,
                                            "secureOutput": false,
                                            "secureInput": false
                                        },
                                        "userProperties": [],
                                        "typeProperties": {
                                            "source": {
                                                "type": "JsonSource",
                                                "storeSettings": {
                                                    "type": "AzureBlobStorageReadSettings",
                                                    "recursive": true,
                                                    "enablePartitionDiscovery": false
                                                },
                                                "formatSettings": {
                                                    "type": "JsonReadSettings"
                                                }
                                            },
                                            "sink": {
                                                "type": "DelimitedTextSink",
                                                "storeSettings": {
                                                    "type": "AzureBlobStorageWriteSettings"
                                                },
                                                "formatSettings": {
                                                    "type": "DelimitedTextWriteSettings",
                                                    "quoteAllText": true,
                                                    "fileExtension": ".txt"
                                                }
                                            },
                                            "enableStaging": false
                                        },
                                        "inputs": [
                                            {
                                                "referenceName": "Json2",
                                                "type": "DatasetReference"
                                            }
                                        ],
                                        "outputs": [
                                            {
                                                "referenceName": "DelimitedText1",
                                                "type": "DatasetReference"
                                            }
                                        ]
                                    }
                                ]
                            }
                        }
                    ]
                }
            }
        ],
        "annotations": [],
        "lastPublishTime": "2024-03-12T11:51:23Z"
    },
    "type": "Microsoft.DataFactory/factories/pipelines"
}