{
    "name": "dataflow1",
    "properties": {
        "type": "MappingDataFlow",
        "typeProperties": {
            "sources": [
                {
                    "dataset": {
                        "referenceName": "DelimitedText4",
                        "type": "DatasetReference"
                    },
                    "name": "employeesource"
                },
                {
                    "dataset": {
                        "referenceName": "DelimitedText5",
                        "type": "DatasetReference"
                    },
                    "name": "Departmentsource"
                }
            ],
            "sinks": [
                {
                    "dataset": {
                        "referenceName": "DelimitedText6",
                        "type": "DatasetReference"
                    },
                    "name": "sink1"
                },
                {
                    "dataset": {
                        "referenceName": "DelimitedText7",
                        "type": "DatasetReference"
                    },
                    "name": "sink2"
                }
            ],
            "transformations": [
                {
                    "name": "join1"
                },
                {
                    "name": "aggregate1"
                }
            ],
            "scriptLines": [
                "source(output(",
                "          EMPLOYEE_ID as integer,",
                "          FIRST_NAME as string,",
                "          LAST_NAME as string,",
                "          EMAIL as string,",
                "          PHONE_NUMBER as string,",
                "          HIRE_DATE as string,",
                "          JOB_ID as integer,",
                "          SALARY as integer,",
                "          COMMISSION_PCT as string,",
                "          MANAGER_ID as integer,",
                "          DEPARTMENT_ID as integer",
                "     ),",
                "     allowSchemaDrift: true,",
                "     validateSchema: false,",
                "     ignoreNoFilesFound: false) ~> employeesource",
                "source(output(",
                "          DEPARTMENT_ID as integer,",
                "          DEPARTMENT_NAME as string,",
                "          MANAGER_ID as integer,",
                "          LOCATION_ID as integer",
                "     ),",
                "     allowSchemaDrift: true,",
                "     validateSchema: false,",
                "     ignoreNoFilesFound: false) ~> Departmentsource",
                "employeesource, Departmentsource join(employeesource@DEPARTMENT_ID == Departmentsource@DEPARTMENT_ID,",
                "     joinType:'inner',",
                "     matchType:'exact',",
                "     ignoreSpaces: false,",
                "     broadcast: 'auto')~> join1",
                "join1 aggregate(groupBy(DEPARTMENT_NAME),",
                "     SALARY = sum(SALARY)) ~> aggregate1",
                "join1 sink(allowSchemaDrift: true,",
                "     validateSchema: false,",
                "     skipDuplicateMapInputs: true,",
                "     skipDuplicateMapOutputs: true) ~> sink1",
                "aggregate1 sink(allowSchemaDrift: true,",
                "     validateSchema: false,",
                "     skipDuplicateMapInputs: true,",
                "     skipDuplicateMapOutputs: true) ~> sink2"
            ]
        }
    }
}