{
    "name": "ADLS_sink_csv",
    "properties": {
        "linkedServiceName": {
            "referenceName": "ADLS_Sink",
            "type": "LinkedServiceReference"
        },
        "parameters": {
            "FileSystem": {
                "type": "string"
            },
            "FileName": {
                "type": "string"
            }
        },
        "annotations": [],
        "type": "DelimitedText",
        "typeProperties": {
            "location": {
                "type": "AzureBlobFSLocation",
                "fileName": {
                    "value": "@dataset().FileName",
                    "type": "Expression"
                },
                "fileSystem": {
                    "value": "@dataset().FileSystem",
                    "type": "Expression"
                }
            },
            "columnDelimiter": ",",
            "escapeChar": "\\",
            "firstRowAsHeader": true,
            "quoteChar": "\""
        },
        "schema": []
    },
    "type": "Microsoft.DataFactory/factories/datasets"
}