{
    "name": "SqlServerTable",
    "properties": {
        "linkedServiceName": {
            "referenceName": "onpremsqlserverDB",
            "type": "LinkedServiceReference"
        },
        "parameters": {
            "schema": {
                "type": "string"
            },
            "tablename": {
                "type": "string"
            }
        },
        "annotations": [],
        "type": "SqlServerTable",
        "schema": [],
        "typeProperties": {
            "schema": {
                "value": "@dataset().schema",
                "type": "Expression"
            },
            "table": {
                "value": "@dataset().tablename",
                "type": "Expression"
            }
        }
    },
    "type": "Microsoft.DataFactory/factories/datasets"
}